gene_id	score	gene_type
ENSG00000271843.1	0.8339	lincRNA
ENSG00000273308.1	0.811025	lincRNA
ENSG00000258701.1	0.80615	lincRNA
ENSG00000258082.1	0.796975	lincRNA
ENSG00000274422.1	0.795225	lincRNA
ENSG00000222032.1	0.78565	lincRNA
ENSG00000268568.1	0.78255	lincRNA
ENSG00000272043.1	0.782125	lincRNA
ENSG00000248323.4	0.78005	lincRNA
ENSG00000276073.1	0.773625	lincRNA
ENSG00000247400.3	0.7694	lincRNA
ENSG00000225880.5	0.76745	lincRNA
ENSG00000263470.1	0.766225	lincRNA
ENSG00000269961.1	0.7635	lincRNA
ENSG00000274918.1	0.762025	lincRNA
ENSG00000272913.1	0.760775	lincRNA
ENSG00000247134.5	0.7605	lincRNA
ENSG00000188511.11	0.757475	lincRNA
ENSG00000271584.1	0.75685	lincRNA
ENSG00000260418.1	0.753325	lincRNA
ENSG00000278389.1	0.753125	lincRNA
ENSG00000236255.1	0.7512	lincRNA
ENSG00000250950.1	0.750375	lincRNA
ENSG00000257924.1	0.74975	lincRNA
ENSG00000278385.1	0.7488	lincRNA
ENSG00000273102.1	0.7486	lincRNA
ENSG00000250903.7	0.746825	lincRNA
ENSG00000275418.1	0.746825	lincRNA
ENSG00000233261.2	0.745875	lincRNA
ENSG00000266970.1	0.745175	lincRNA
ENSG00000253385.1	0.745075	lincRNA
ENSG00000258927.1	0.74455	lincRNA
ENSG00000275709.1	0.744425	lincRNA
ENSG00000255670.1	0.7444	lincRNA
ENSG00000273272.1	0.744375	lincRNA
ENSG00000260197.1	0.744125	lincRNA
ENSG00000223914.1	0.7441	lincRNA
ENSG00000260778.3	0.742825	lincRNA
ENSG00000261889.1	0.742325	lincRNA
ENSG00000272853.1	0.74215	lincRNA
ENSG00000272754.1	0.7416	lincRNA
ENSG00000239467.4	0.74135	lincRNA
ENSG00000230736.2	0.74115	lincRNA
ENSG00000276698.1	0.740925	lincRNA
ENSG00000246067.6	0.740675	lincRNA
ENSG00000258181.1	0.7403	lincRNA
ENSG00000259989.1	0.740175	lincRNA
ENSG00000272792.1	0.739775	lincRNA
ENSG00000273816.1	0.73895	lincRNA
ENSG00000272010.1	0.73765	lincRNA
ENSG00000248360.6	0.7375	lincRNA
ENSG00000272444.1	0.7363	lincRNA
ENSG00000260303.1	0.735025	lincRNA
ENSG00000197813.5	0.734575	lincRNA
ENSG00000227403.1	0.734325	lincRNA
ENSG00000275580.1	0.733575	lincRNA
ENSG00000262686.1	0.73355	lincRNA
ENSG00000251615.3	0.733125	lincRNA
ENSG00000266490.1	0.732975	lincRNA
ENSG00000278921.2	0.732925	lincRNA
ENSG00000226791.5	0.732425	lincRNA
ENSG00000270190.1	0.732	lincRNA
ENSG00000226004.1	0.7318	lincRNA
ENSG00000267045.1	0.731425	lincRNA
ENSG00000272512.1	0.731325	lincRNA
ENSG00000255669.1	0.731175	lincRNA
ENSG00000226756.1	0.731025	lincRNA
ENSG00000234689.1	0.73065	lincRNA
ENSG00000223573.5	0.7304	lincRNA
ENSG00000272567.1	0.7294	lincRNA
ENSG00000226281.2	0.7292	lincRNA
ENSG00000197291.7	0.7291	lincRNA
ENSG00000277851.1	0.72905	lincRNA
ENSG00000281538.1	0.72905	lincRNA
ENSG00000271141.1	0.728575	lincRNA
ENSG00000258884.1	0.7285	lincRNA
ENSG00000267658.1	0.727825	lincRNA
ENSG00000276030.1	0.727425	lincRNA
ENSG00000249526.1	0.72725	lincRNA
ENSG00000260837.1	0.726725	lincRNA
ENSG00000277232.2	0.72565	lincRNA
ENSG00000272645.2	0.7256	lincRNA
ENSG00000272341.1	0.72535	lincRNA
ENSG00000234390.4	0.725325	lincRNA
ENSG00000241163.6	0.7253	lincRNA
ENSG00000262873.1	0.725225	lincRNA
ENSG00000257261.4	0.72505	lincRNA
ENSG00000272449.1	0.7245	lincRNA
ENSG00000277013.1	0.7244	lincRNA
ENSG00000261172.1	0.724325	lincRNA
ENSG00000216921.6	0.724225	lincRNA
ENSG00000260257.2	0.724075	lincRNA
ENSG00000273142.1	0.723925	lincRNA
ENSG00000262228.2	0.7238	lincRNA
ENSG00000258512.1	0.723575	lincRNA
ENSG00000238039.1	0.723325	lincRNA
ENSG00000250899.3	0.723275	lincRNA
ENSG00000232470.1	0.72315	lincRNA
ENSG00000228857.2	0.722925	lincRNA
ENSG00000257086.1	0.722725	lincRNA
ENSG00000247982.5	0.722525	lincRNA
ENSG00000251442.4	0.722475	lincRNA
ENSG00000273156.1	0.72225	lincRNA
ENSG00000212766.8	0.722225	lincRNA
ENSG00000274173.1	0.722075	lincRNA
ENSG00000262202.4	0.722075	lincRNA
ENSG00000279078.1	0.722	lincRNA
ENSG00000281383.1	0.721925	lincRNA
ENSG00000136315.4	0.7218	lincRNA
ENSG00000274104.1	0.7217	lincRNA
ENSG00000235584.2	0.721325	lincRNA
ENSG00000237520.1	0.72105	lincRNA
ENSG00000182165.16	0.721	lincRNA
ENSG00000271966.1	0.72095	lincRNA
ENSG00000269888.1	0.72085	lincRNA
ENSG00000278175.2	0.7205	lincRNA
ENSG00000230499.1	0.720475	lincRNA
ENSG00000247363.2	0.7203	lincRNA
ENSG00000221949.5	0.720225	lincRNA
ENSG00000256582.1	0.720125	lincRNA
ENSG00000237753.1	0.720075	lincRNA
ENSG00000270547.4	0.7199	lincRNA
ENSG00000270124.1	0.71975	lincRNA
ENSG00000268573.1	0.719475	lincRNA
ENSG00000278869.1	0.718675	lincRNA
ENSG00000255284.1	0.7186	lincRNA
ENSG00000172965.13	0.718525	lincRNA
ENSG00000253154.1	0.7185	lincRNA
ENSG00000254973.1	0.718375	lincRNA
ENSG00000273038.2	0.7183	lincRNA
ENSG00000231485.1	0.7181	lincRNA
ENSG00000233903.2	0.717875	lincRNA
ENSG00000232956.7	0.717725	lincRNA
ENSG00000234546.2	0.717675	lincRNA
ENSG00000272970.1	0.71755	lincRNA
ENSG00000272417.1	0.7174	lincRNA
ENSG00000271856.1	0.7173	lincRNA
ENSG00000244952.2	0.717175	lincRNA
ENSG00000254802.1	0.71685	lincRNA
ENSG00000241169.1	0.7167	lincRNA
ENSG00000272662.1	0.716275	lincRNA
ENSG00000236453.4	0.71625	lincRNA
ENSG00000225163.3	0.716225	lincRNA
ENSG00000272430.1	0.716225	lincRNA
ENSG00000231081.1	0.716	lincRNA
ENSG00000272087.1	0.71585	lincRNA
ENSG00000222041.9	0.715475	lincRNA
ENSG00000272088.1	0.7152	lincRNA
ENSG00000273145.1	0.7152	lincRNA
ENSG00000262089.1	0.715175	lincRNA
ENSG00000260011.2	0.7151	lincRNA
ENSG00000178440.5	0.7149	lincRNA
ENSG00000213888.3	0.7148	lincRNA
ENSG00000273295.1	0.714475	lincRNA
ENSG00000277778.1	0.714375	lincRNA
ENSG00000267212.1	0.714225	lincRNA
ENSG00000236481.1	0.714225	lincRNA
ENSG00000272079.2	0.71415	lincRNA
ENSG00000272564.1	0.713875	lincRNA
ENSG00000260136.4	0.713825	lincRNA
ENSG00000177788.5	0.713625	lincRNA
ENSG00000269949.1	0.713475	lincRNA
ENSG00000273319.1	0.713475	lincRNA
ENSG00000256128.4	0.71295	lincRNA
ENSG00000271771.1	0.712725	lincRNA
ENSG00000268836.1	0.71255	lincRNA
ENSG00000274818.1	0.712325	lincRNA
ENSG00000234506.4	0.7122	lincRNA
ENSG00000226032.1	0.712125	lincRNA
ENSG00000247095.2	0.712075	lincRNA
ENSG00000186594.11	0.711825	lincRNA
ENSG00000258914.1	0.7117	lincRNA
ENSG00000270038.1	0.71145	lincRNA
ENSG00000229964.1	0.7111	lincRNA
ENSG00000244219.5	0.71085	lincRNA
ENSG00000230415.1	0.71085	lincRNA
ENSG00000273759.1	0.71075	lincRNA
ENSG00000267123.4	0.710375	lincRNA
ENSG00000259321.1	0.71015	lincRNA
ENSG00000268615.1	0.709875	lincRNA
ENSG00000273148.1	0.709825	lincRNA
ENSG00000274373.1	0.709725	lincRNA
ENSG00000272361.2	0.70955	lincRNA
ENSG00000272654.1	0.7094	lincRNA
ENSG00000259711.1	0.70925	lincRNA
ENSG00000197180.2	0.709175	lincRNA
ENSG00000273203.1	0.7091	lincRNA
ENSG00000277969.1	0.709025	lincRNA
ENSG00000272733.1	0.70895	lincRNA
ENSG00000230590.6	0.708825	lincRNA
ENSG00000269936.3	0.708625	lincRNA
ENSG00000271855.1	0.7083	lincRNA
ENSG00000273305.1	0.7082	lincRNA
ENSG00000263164.1	0.708175	lincRNA
ENSG00000260896.4	0.70795	lincRNA
ENSG00000263874.1	0.707925	lincRNA
ENSG00000251611.1	0.7078	lincRNA
ENSG00000253395.1	0.7077	lincRNA
ENSG00000223881.1	0.70765	lincRNA
ENSG00000257698.1	0.707175	lincRNA
ENSG00000271788.1	0.7069	lincRNA
ENSG00000237877.5	0.706825	lincRNA
ENSG00000259673.4	0.70675	lincRNA
ENSG00000235947.1	0.706325	lincRNA
ENSG00000260306.1	0.7063	lincRNA
ENSG00000238005.2	0.7063	lincRNA
ENSG00000240040.4	0.7062	lincRNA
ENSG00000228889.5	0.706175	lincRNA
ENSG00000254343.2	0.70615	lincRNA
ENSG00000271151.1	0.705975	lincRNA
ENSG00000226853.2	0.70595	lincRNA
ENSG00000273615.1	0.705875	lincRNA
ENSG00000272416.1	0.705825	lincRNA
ENSG00000255774.1	0.7054	lincRNA
ENSG00000272622.1	0.7053	lincRNA
ENSG00000203364.2	0.705275	lincRNA
ENSG00000261218.4	0.705125	lincRNA
ENSG00000227051.5	0.704925	lincRNA
ENSG00000275964.1	0.7049	lincRNA
ENSG00000274245.1	0.7049	lincRNA
ENSG00000273008.1	0.7047	lincRNA
ENSG00000228386.2	0.704675	lincRNA
ENSG00000236039.1	0.7045	lincRNA
ENSG00000277369.1	0.70435	lincRNA
ENSG00000224648.1	0.704175	lincRNA
ENSG00000214650.2	0.704075	lincRNA
ENSG00000261996.1	0.70405	lincRNA
ENSG00000227373.4	0.703875	lincRNA
ENSG00000255455.2	0.703775	lincRNA
ENSG00000257654.1	0.70345	lincRNA
ENSG00000269220.1	0.702975	lincRNA
ENSG00000266897.1	0.7028	lincRNA
ENSG00000272524.1	0.702775	lincRNA
ENSG00000272406.1	0.702675	lincRNA
ENSG00000269946.1	0.702425	lincRNA
ENSG00000223946.1	0.702375	lincRNA
ENSG00000273399.2	0.7022	lincRNA
ENSG00000260032.1	0.701475	lincRNA
ENSG00000253364.1	0.70145	lincRNA
ENSG00000267583.4	0.7014	lincRNA
ENSG00000265519.1	0.7014	lincRNA
ENSG00000271952.1	0.701325	lincRNA
ENSG00000261087.1	0.701275	lincRNA
ENSG00000223546.5	0.70095	lincRNA
ENSG00000272128.1	0.70095	lincRNA
ENSG00000274020.1	0.7009	lincRNA
ENSG00000278668.1	0.700725	lincRNA
ENSG00000231566.1	0.700625	lincRNA
ENSG00000259976.1	0.700525	lincRNA
ENSG00000270164.1	0.7004	lincRNA
ENSG00000253926.1	0.7004	lincRNA
ENSG00000275409.1	0.700225	lincRNA
ENSG00000255135.3	0.7	lincRNA
ENSG00000250742.1	0.69965	lincRNA
ENSG00000255121.2	0.699625	lincRNA
ENSG00000249685.1	0.699525	lincRNA
ENSG00000269978.1	0.699475	lincRNA
ENSG00000254263.1	0.69935	lincRNA
ENSG00000232229.4	0.69925	lincRNA
ENSG00000265750.1	0.6992	lincRNA
ENSG00000267373.1	0.6992	lincRNA
ENSG00000253633.1	0.699	lincRNA
ENSG00000228037.1	0.699	lincRNA
ENSG00000267259.1	0.698875	lincRNA
ENSG00000250057.1	0.698875	lincRNA
ENSG00000223401.1	0.69885	lincRNA
ENSG00000260193.1	0.6988	lincRNA
ENSG00000281404.1	0.6986	lincRNA
ENSG00000262772.1	0.6986	lincRNA
ENSG00000225783.5	0.69835	lincRNA
ENSG00000226067.5	0.698325	lincRNA
ENSG00000259004.1	0.6983	lincRNA
ENSG00000272799.1	0.698175	lincRNA
ENSG00000260563.3	0.698075	lincRNA
ENSG00000270659.1	0.697975	lincRNA
ENSG00000254177.1	0.697375	lincRNA
ENSG00000267414.1	0.69735	lincRNA
ENSG00000267397.1	0.6973	lincRNA
ENSG00000246095.2	0.697175	lincRNA
ENSG00000241657.1	0.6971	lincRNA
ENSG00000280224.1	0.6967	lincRNA
ENSG00000227740.1	0.696675	lincRNA
ENSG00000215908.6	0.69665	lincRNA
ENSG00000272644.1	0.696425	lincRNA
ENSG00000260417.1	0.69635	lincRNA
ENSG00000281181.1	0.696125	lincRNA
ENSG00000267107.5	0.6961	lincRNA
ENSG00000273356.1	0.696075	lincRNA
ENSG00000251301.5	0.6959	lincRNA
ENSG00000279597.1	0.69585	lincRNA
ENSG00000244041.6	0.695575	lincRNA
ENSG00000260259.1	0.695075	lincRNA
ENSG00000258301.3	0.69505	lincRNA
ENSG00000205664.9	0.694925	lincRNA
ENSG00000261064.1	0.69485	lincRNA
ENSG00000223749.6	0.694675	lincRNA
ENSG00000224187.1	0.694575	lincRNA
ENSG00000269930.1	0.694225	lincRNA
ENSG00000272168.4	0.694125	lincRNA
ENSG00000263321.1	0.694125	lincRNA
ENSG00000264016.2	0.694075	lincRNA
ENSG00000272894.4	0.69385	lincRNA
ENSG00000259363.4	0.69375	lincRNA
ENSG00000271020.1	0.693725	lincRNA
ENSG00000230978.1	0.6937	lincRNA
ENSG00000244063.1	0.693675	lincRNA
ENSG00000273702.1	0.693575	lincRNA
ENSG00000249790.2	0.69345	lincRNA
ENSG00000229807.8	0.69335	lincRNA
ENSG00000261474.1	0.69315	lincRNA
ENSG00000183250.10	0.6931	lincRNA
ENSG00000275764.1	0.693075	lincRNA
ENSG00000274225.1	0.693025	lincRNA
ENSG00000271204.1	0.69285	lincRNA
ENSG00000270030.1	0.69275	lincRNA
ENSG00000267002.1	0.692175	lincRNA
ENSG00000272468.1	0.691775	lincRNA
ENSG00000251136.7	0.69175	lincRNA
ENSG00000260558.1	0.691525	lincRNA
ENSG00000237476.1	0.6915	lincRNA
ENSG00000254006.4	0.6913	lincRNA
ENSG00000180066.8	0.691225	lincRNA
ENSG00000279873.2	0.6909	lincRNA
ENSG00000273424.1	0.6907	lincRNA
ENSG00000262837.1	0.69065	lincRNA
ENSG00000245156.1	0.690575	lincRNA
ENSG00000278816.1	0.6904	lincRNA
ENSG00000278847.1	0.6904	lincRNA
ENSG00000273004.1	0.6899	lincRNA
ENSG00000269902.1	0.689675	lincRNA
ENSG00000259807.1	0.68965	lincRNA
ENSG00000257526.2	0.689625	lincRNA
ENSG00000245532.5	0.689475	lincRNA
ENSG00000269646.1	0.68945	lincRNA
ENSG00000266538.1	0.689425	lincRNA
ENSG00000267004.1	0.689125	lincRNA
ENSG00000180712.3	0.689025	lincRNA
ENSG00000260091.1	0.6887	lincRNA
ENSG00000273245.1	0.688675	lincRNA
ENSG00000245317.2	0.6886	lincRNA
ENSG00000274251.1	0.6885	lincRNA
ENSG00000198590.10	0.688475	lincRNA
ENSG00000267114.1	0.688425	lincRNA
ENSG00000263050.1	0.687425	lincRNA
ENSG00000230943.1	0.687225	lincRNA
ENSG00000260698.1	0.687175	lincRNA
ENSG00000272871.1	0.687075	lincRNA
ENSG00000236028.1	0.686825	lincRNA
ENSG00000225285.1	0.686625	lincRNA
ENSG00000235192.1	0.686425	lincRNA
ENSG00000224977.1	0.686375	lincRNA
ENSG00000267152.1	0.68635	lincRNA
ENSG00000251381.5	0.686275	lincRNA
ENSG00000273796.1	0.686225	lincRNA
ENSG00000261512.2	0.686175	lincRNA
ENSG00000226266.5	0.686	lincRNA
ENSG00000261386.2	0.68585	lincRNA
ENSG00000266111.2	0.68575	lincRNA
ENSG00000273175.1	0.685675	lincRNA
ENSG00000248161.4	0.685675	lincRNA
ENSG00000257496.1	0.685625	lincRNA
ENSG00000232591.1	0.685625	lincRNA
ENSG00000272953.1	0.6856	lincRNA
ENSG00000270076.1	0.68535	lincRNA
ENSG00000260077.1	0.68535	lincRNA
ENSG00000257354.2	0.685275	lincRNA
ENSG00000275180.1	0.685225	lincRNA
ENSG00000272141.1	0.685175	lincRNA
ENSG00000272129.1	0.6851	lincRNA
ENSG00000234572.1	0.685075	lincRNA
ENSG00000256039.1	0.685	lincRNA
ENSG00000226380.6	0.6849	lincRNA
ENSG00000228423.2	0.6848	lincRNA
ENSG00000272523.1	0.684775	lincRNA
ENSG00000225975.5	0.684625	lincRNA
ENSG00000269893.5	0.68445	lincRNA
ENSG00000270091.1	0.68445	lincRNA
ENSG00000234773.5	0.68435	lincRNA
ENSG00000272555.1	0.684325	lincRNA
ENSG00000259499.1	0.684275	lincRNA
ENSG00000278611.1	0.6842	lincRNA
ENSG00000214870.7	0.684125	lincRNA
ENSG00000196741.5	0.684075	lincRNA
ENSG00000253768.1	0.684075	lincRNA
ENSG00000253263.1	0.683975	lincRNA
ENSG00000231507.1	0.683925	lincRNA
ENSG00000275542.1	0.68385	lincRNA
ENSG00000254531.1	0.68375	lincRNA
ENSG00000273015.2	0.683675	lincRNA
ENSG00000245060.5	0.68365	lincRNA
ENSG00000268555.1	0.68365	lincRNA
ENSG00000271850.1	0.683625	lincRNA
ENSG00000271553.1	0.683575	lincRNA
ENSG00000254060.1	0.68355	lincRNA
ENSG00000245954.5	0.6835	lincRNA
ENSG00000270069.1	0.683225	lincRNA
ENSG00000234917.2	0.68315	lincRNA
ENSG00000280798.1	0.68285	lincRNA
ENSG00000225742.4	0.682775	lincRNA
ENSG00000272933.1	0.68255	lincRNA
ENSG00000267194.1	0.68245	lincRNA
ENSG00000232504.4	0.682425	lincRNA
ENSG00000268362.4	0.682225	lincRNA
ENSG00000272360.1	0.682125	lincRNA
ENSG00000239946.1	0.68205	lincRNA
ENSG00000226197.2	0.68195	lincRNA
ENSG00000204792.2	0.681875	lincRNA
ENSG00000272086.1	0.68185	lincRNA
ENSG00000215244.2	0.681825	lincRNA
ENSG00000275294.3	0.681675	lincRNA
ENSG00000227531.1	0.681625	lincRNA
ENSG00000272650.1	0.681575	lincRNA
ENSG00000264520.1	0.681475	lincRNA
ENSG00000273472.1	0.681325	lincRNA
ENSG00000273117.1	0.6813	lincRNA
ENSG00000267649.1	0.68125	lincRNA
ENSG00000275720.1	0.681225	lincRNA
ENSG00000270147.1	0.681075	lincRNA
ENSG00000230733.2	0.68105	lincRNA
ENSG00000228886.1	0.681025	lincRNA
ENSG00000267108.1	0.680975	lincRNA
ENSG00000230569.1	0.6807	lincRNA
ENSG00000267416.1	0.6807	lincRNA
ENSG00000237361.2	0.68055	lincRNA
ENSG00000258534.1	0.680375	lincRNA
ENSG00000256742.1	0.68035	lincRNA
ENSG00000224652.1	0.68	lincRNA
ENSG00000266651.1	0.68	lincRNA
ENSG00000229671.1	0.67995	lincRNA
ENSG00000258667.1	0.67995	lincRNA
ENSG00000263753.5	0.67985	lincRNA
ENSG00000268205.1	0.679425	lincRNA
ENSG00000280560.1	0.6794	lincRNA
ENSG00000253948.1	0.6794	lincRNA
ENSG00000237638.1	0.679275	lincRNA
ENSG00000272192.1	0.67925	lincRNA
ENSG00000230724.8	0.67925	lincRNA
ENSG00000231367.4	0.679175	lincRNA
ENSG00000236824.1	0.6791	lincRNA
ENSG00000225231.1	0.6789	lincRNA
ENSG00000266389.1	0.678625	lincRNA
ENSG00000272382.1	0.678625	lincRNA
ENSG00000269640.4	0.678575	lincRNA
ENSG00000267547.1	0.67855	lincRNA
ENSG00000213062.4	0.67855	lincRNA
ENSG00000253140.1	0.678525	lincRNA
ENSG00000271869.1	0.67835	lincRNA
ENSG00000261068.2	0.678025	lincRNA
ENSG00000173727.10	0.678	lincRNA
ENSG00000237513.1	0.677925	lincRNA
ENSG00000250635.1	0.677725	lincRNA
ENSG00000230542.4	0.677675	lincRNA
ENSG00000274925.1	0.6776	lincRNA
ENSG00000272375.1	0.677575	lincRNA
ENSG00000242767.1	0.6775	lincRNA
ENSG00000233730.1	0.677475	lincRNA
ENSG00000227946.1	0.67715	lincRNA
ENSG00000261098.1	0.6768	lincRNA
ENSG00000274922.1	0.676725	lincRNA
ENSG00000226029.1	0.6767	lincRNA
ENSG00000274265.3	0.6764	lincRNA
ENSG00000273107.1	0.6764	lincRNA
ENSG00000274191.1	0.67615	lincRNA
ENSG00000225039.1	0.676075	lincRNA
ENSG00000259590.1	0.67595	lincRNA
ENSG00000278276.1	0.675825	lincRNA
ENSG00000268751.1	0.675725	lincRNA
ENSG00000271646.1	0.6757	lincRNA
ENSG00000250378.1	0.675625	lincRNA
ENSG00000235620.1	0.67545	lincRNA
ENSG00000254615.2	0.675425	lincRNA
ENSG00000272482.1	0.67525	lincRNA
ENSG00000254538.1	0.6752	lincRNA
ENSG00000228634.1	0.675175	lincRNA
ENSG00000276071.1	0.675025	lincRNA
ENSG00000239407.4	0.674975	lincRNA
ENSG00000242516.1	0.6749	lincRNA
ENSG00000235499.1	0.6747	lincRNA
ENSG00000273972.1	0.6747	lincRNA
ENSG00000269483.1	0.674575	lincRNA
ENSG00000268307.1	0.674475	lincRNA
ENSG00000267898.1	0.674375	lincRNA
ENSG00000228906.1	0.674375	lincRNA
ENSG00000271888.1	0.6743	lincRNA
ENSG00000260274.1	0.6742	lincRNA
ENSG00000205791.3	0.674125	lincRNA
ENSG00000260646.1	0.6739	lincRNA
ENSG00000203499.9	0.673725	lincRNA
ENSG00000275106.1	0.673625	lincRNA
ENSG00000269947.1	0.673275	lincRNA
ENSG00000259459.4	0.67325	lincRNA
ENSG00000271643.1	0.67325	lincRNA
ENSG00000261000.1	0.6732	lincRNA
ENSG00000272459.1	0.673	lincRNA
ENSG00000245937.6	0.67275	lincRNA
ENSG00000259658.3	0.672675	lincRNA
ENSG00000231439.4	0.6726	lincRNA
ENSG00000255198.4	0.67255	lincRNA
ENSG00000276136.1	0.67255	lincRNA
ENSG00000272092.1	0.67245	lincRNA
ENSG00000271914.1	0.672275	lincRNA
ENSG00000272142.1	0.67225	lincRNA
ENSG00000260911.2	0.672225	lincRNA
ENSG00000272787.1	0.672225	lincRNA
ENSG00000271815.1	0.67205	lincRNA
ENSG00000268945.1	0.67205	lincRNA
ENSG00000232324.1	0.6719	lincRNA
ENSG00000274840.3	0.6717	lincRNA
ENSG00000269974.1	0.6715	lincRNA
ENSG00000260710.1	0.671425	lincRNA
ENSG00000275119.1	0.671425	lincRNA
ENSG00000269967.1	0.671325	lincRNA
ENSG00000237797.1	0.671175	lincRNA
ENSG00000281357.1	0.671125	lincRNA
ENSG00000245164.5	0.6711	lincRNA
ENSG00000270177.1	0.67095	lincRNA
ENSG00000263990.1	0.6709	lincRNA
ENSG00000269921.1	0.670775	lincRNA
ENSG00000234449.2	0.67065	lincRNA
ENSG00000269399.2	0.670625	lincRNA
ENSG00000277559.1	0.670525	lincRNA
ENSG00000273143.1	0.6704	lincRNA
ENSG00000261039.2	0.6701	lincRNA
ENSG00000271742.1	0.67005	lincRNA
ENSG00000278765.1	0.67005	lincRNA
ENSG00000256973.1	0.67	lincRNA
ENSG00000229180.5	0.669725	lincRNA
ENSG00000275484.1	0.669625	lincRNA
ENSG00000272911.1	0.669475	lincRNA
ENSG00000272334.1	0.669275	lincRNA
ENSG00000272335.1	0.6692	lincRNA
ENSG00000272374.1	0.6691	lincRNA
ENSG00000272112.1	0.668975	lincRNA
ENSG00000272630.1	0.6689	lincRNA
ENSG00000273650.1	0.66885	lincRNA
ENSG00000264112.1	0.66875	lincRNA
ENSG00000251230.4	0.6686	lincRNA
ENSG00000242622.1	0.668575	lincRNA
ENSG00000272777.1	0.66845	lincRNA
ENSG00000272040.1	0.668425	lincRNA
ENSG00000272711.1	0.6684	lincRNA
ENSG00000271367.1	0.66825	lincRNA
ENSG00000281912.1	0.6681	lincRNA
ENSG00000276791.1	0.668	lincRNA
ENSG00000255571.5	0.667925	lincRNA
ENSG00000277782.1	0.6679	lincRNA
ENSG00000203684.5	0.667775	lincRNA
ENSG00000249096.5	0.6677	lincRNA
ENSG00000232386.8	0.66765	lincRNA
ENSG00000233967.5	0.66735	lincRNA
ENSG00000223511.4	0.6673	lincRNA
ENSG00000256806.3	0.66725	lincRNA
ENSG00000259448.2	0.66725	lincRNA
ENSG00000181908.5	0.667225	lincRNA
ENSG00000256537.3	0.667225	lincRNA
ENSG00000268392.1	0.667075	lincRNA
ENSG00000266088.4	0.667025	lincRNA
ENSG00000274712.1	0.666675	lincRNA
ENSG00000268734.1	0.6666	lincRNA
ENSG00000267453.5	0.666525	lincRNA
ENSG00000230839.1	0.66645	lincRNA
ENSG00000251580.1	0.6662	lincRNA
ENSG00000179523.4	0.665925	lincRNA
ENSG00000272667.1	0.6659	lincRNA
ENSG00000274341.1	0.665875	lincRNA
ENSG00000271973.1	0.66585	lincRNA
ENSG00000277218.1	0.665725	lincRNA
ENSG00000224635.1	0.665725	lincRNA
ENSG00000188185.10	0.665425	lincRNA
ENSG00000272849.1	0.66535	lincRNA
ENSG00000272343.1	0.6652	lincRNA
ENSG00000230555.2	0.665075	lincRNA
ENSG00000269900.3	0.665025	lincRNA
ENSG00000235475.1	0.664925	lincRNA
ENSG00000233559.1	0.66485	lincRNA
ENSG00000253522.3	0.6647	lincRNA
ENSG00000205056.8	0.66465	lincRNA
ENSG00000153363.11	0.6646	lincRNA
ENSG00000231826.4	0.664525	lincRNA
ENSG00000231106.2	0.6645	lincRNA
ENSG00000263655.1	0.6645	lincRNA
ENSG00000253720.1	0.6645	lincRNA
ENSG00000230107.1	0.664475	lincRNA
ENSG00000276814.1	0.664225	lincRNA
ENSG00000272994.1	0.664075	lincRNA
ENSG00000224914.2	0.664075	lincRNA
ENSG00000272455.1	0.664025	lincRNA
ENSG00000251417.2	0.664025	lincRNA
ENSG00000273582.1	0.664	lincRNA
ENSG00000228139.1	0.66385	lincRNA
ENSG00000260807.5	0.66385	lincRNA
ENSG00000231265.1	0.663825	lincRNA
ENSG00000264247.1	0.6638	lincRNA
ENSG00000271576.1	0.663725	lincRNA
ENSG00000260025.1	0.663725	lincRNA
ENSG00000274029.1	0.6634	lincRNA
ENSG00000250786.1	0.663375	lincRNA
ENSG00000267521.1	0.6633	lincRNA
ENSG00000278238.1	0.663275	lincRNA
ENSG00000271427.1	0.663275	lincRNA
ENSG00000235319.1	0.6631	lincRNA
ENSG00000253641.4	0.66295	lincRNA
ENSG00000273265.1	0.662875	lincRNA
ENSG00000212694.7	0.662675	lincRNA
ENSG00000273341.1	0.66265	lincRNA
ENSG00000226453.1	0.66265	lincRNA
ENSG00000230939.1	0.662575	lincRNA
ENSG00000272716.1	0.662475	lincRNA
ENSG00000272906.1	0.66245	lincRNA
ENSG00000234184.4	0.6624	lincRNA
ENSG00000272144.1	0.6623	lincRNA
ENSG00000259042.2	0.662225	lincRNA
ENSG00000270127.2	0.662075	lincRNA
ENSG00000273230.1	0.662075	lincRNA
ENSG00000255362.1	0.661775	lincRNA
ENSG00000276216.1	0.66175	lincRNA
ENSG00000197182.11	0.661725	lincRNA
ENSG00000260219.2	0.66165	lincRNA
ENSG00000262155.1	0.6616	lincRNA
ENSG00000271420.1	0.66155	lincRNA
ENSG00000266912.1	0.661375	lincRNA
ENSG00000240350.2	0.661225	lincRNA
ENSG00000262477.1	0.6612	lincRNA
ENSG00000270761.1	0.661075	lincRNA
ENSG00000263105.1	0.66105	lincRNA
ENSG00000275479.1	0.66095	lincRNA
ENSG00000197308.7	0.6609	lincRNA
ENSG00000203386.5	0.66085	lincRNA
ENSG00000234147.1	0.66055	lincRNA
ENSG00000224259.4	0.66045	lincRNA
ENSG00000226363.3	0.660425	lincRNA
ENSG00000254164.1	0.660075	lincRNA
ENSG00000248489.1	0.659625	lincRNA
ENSG00000227516.1	0.6595	lincRNA
ENSG00000225750.1	0.659425	lincRNA
ENSG00000225490.1	0.659325	lincRNA
ENSG00000272097.1	0.659275	lincRNA
ENSG00000272301.1	0.6592	lincRNA
ENSG00000232412.1	0.6589	lincRNA
ENSG00000224478.1	0.65885	lincRNA
ENSG00000273375.1	0.658825	lincRNA
ENSG00000269954.1	0.658825	lincRNA
ENSG00000267530.2	0.65875	lincRNA
ENSG00000254319.4	0.658725	lincRNA
ENSG00000273448.1	0.6586	lincRNA
ENSG00000269873.1	0.658575	lincRNA
ENSG00000258001.1	0.65855	lincRNA
ENSG00000272275.1	0.65845	lincRNA
ENSG00000255318.1	0.65835	lincRNA
ENSG00000237359.1	0.658325	lincRNA
ENSG00000261997.1	0.6583	lincRNA
ENSG00000248693.1	0.65815	lincRNA
ENSG00000278075.1	0.658025	lincRNA
ENSG00000263603.1	0.658	lincRNA
ENSG00000224032.5	0.65795	lincRNA
ENSG00000248714.5	0.65795	lincRNA
ENSG00000272264.1	0.657875	lincRNA
ENSG00000224565.1	0.65785	lincRNA
ENSG00000263004.1	0.657825	lincRNA
ENSG00000254605.1	0.657575	lincRNA
ENSG00000272583.1	0.65755	lincRNA
ENSG00000268798.1	0.657475	lincRNA
ENSG00000279278.1	0.65725	lincRNA
ENSG00000265443.1	0.657075	lincRNA
ENSG00000271734.1	0.6569	lincRNA
ENSG00000223808.1	0.6569	lincRNA
ENSG00000213279.2	0.656725	lincRNA
ENSG00000255874.2	0.6567	lincRNA
ENSG00000257556.1	0.6565	lincRNA
ENSG00000276529.1	0.65625	lincRNA
ENSG00000258733.4	0.656025	lincRNA
ENSG00000274961.1	0.655825	lincRNA
ENSG00000231551.5	0.6557	lincRNA
ENSG00000273061.1	0.655675	lincRNA
ENSG00000215014.4	0.6556	lincRNA
ENSG00000229989.3	0.655575	lincRNA
ENSG00000273812.1	0.65555	lincRNA
ENSG00000255142.1	0.65555	lincRNA
ENSG00000272462.2	0.65555	lincRNA
ENSG00000270022.3	0.655525	lincRNA
ENSG00000272829.1	0.655475	lincRNA
ENSG00000271324.1	0.6552	lincRNA
ENSG00000251259.1	0.655025	lincRNA
ENSG00000229896.2	0.655	lincRNA
ENSG00000280916.1	0.65495	lincRNA
ENSG00000254153.1	0.6549	lincRNA
ENSG00000251323.2	0.6549	lincRNA
ENSG00000253853.1	0.654825	lincRNA
ENSG00000262877.4	0.6546	lincRNA
ENSG00000260804.3	0.654425	lincRNA
ENSG00000185433.7	0.6544	lincRNA
ENSG00000267006.1	0.6544	lincRNA
ENSG00000273160.1	0.654325	lincRNA
ENSG00000262663.1	0.654275	lincRNA
ENSG00000251009.2	0.654175	lincRNA
ENSG00000265787.1	0.654125	lincRNA
ENSG00000176728.6	0.654025	lincRNA
ENSG00000272077.1	0.653975	lincRNA
ENSG00000234432.4	0.653775	lincRNA
ENSG00000224184.4	0.653425	lincRNA
ENSG00000275703.1	0.6534	lincRNA
ENSG00000240859.1	0.65325	lincRNA
ENSG00000243701.4	0.653225	lincRNA
ENSG00000261673.1	0.6529	lincRNA
ENSG00000277147.3	0.652875	lincRNA
ENSG00000236682.1	0.65275	lincRNA
ENSG00000234608.6	0.6527	lincRNA
ENSG00000259959.1	0.652625	lincRNA
ENSG00000275481.1	0.652625	lincRNA
ENSG00000268027.4	0.652525	lincRNA
ENSG00000224137.1	0.652375	lincRNA
ENSG00000163364.8	0.65235	lincRNA
ENSG00000230487.6	0.652325	lincRNA
ENSG00000226777.6	0.6521	lincRNA
ENSG00000269892.1	0.6521	lincRNA
ENSG00000226598.1	0.652	lincRNA
ENSG00000273824.1	0.651925	lincRNA
ENSG00000272205.1	0.6519	lincRNA
ENSG00000273165.1	0.6519	lincRNA
ENSG00000273669.1	0.6516	lincRNA
ENSG00000261754.2	0.651425	lincRNA
ENSG00000273344.1	0.651425	lincRNA
ENSG00000224559.2	0.651325	lincRNA
ENSG00000224934.2	0.65125	lincRNA
ENSG00000230969.2	0.651075	lincRNA
ENSG00000277639.1	0.65105	lincRNA
ENSG00000261326.2	0.651	lincRNA
ENSG00000230709.1	0.6508	lincRNA
ENSG00000232679.1	0.650775	lincRNA
ENSG00000267519.3	0.650775	lincRNA
ENSG00000274021.1	0.65075	lincRNA
ENSG00000240618.1	0.6507	lincRNA
ENSG00000224790.1	0.65055	lincRNA
ENSG00000257097.1	0.65045	lincRNA
ENSG00000267457.1	0.650425	lincRNA
ENSG00000268471.4	0.65035	lincRNA
ENSG00000260260.1	0.650025	lincRNA
ENSG00000260101.1	0.649775	lincRNA
ENSG00000214293.7	0.649725	lincRNA
ENSG00000198468.6	0.649575	lincRNA
ENSG00000227359.1	0.6494	lincRNA
ENSG00000256576.2	0.649375	lincRNA
ENSG00000235823.1	0.64935	lincRNA
ENSG00000260955.2	0.6493	lincRNA
ENSG00000274213.1	0.64895	lincRNA
ENSG00000269667.1	0.648875	lincRNA
ENSG00000236066.4	0.648825	lincRNA
ENSG00000278467.1	0.6487	lincRNA
ENSG00000268087.1	0.6487	lincRNA
ENSG00000229646.2	0.6487	lincRNA
ENSG00000273243.1	0.648675	lincRNA
ENSG00000268941.2	0.648575	lincRNA
ENSG00000261526.2	0.648525	lincRNA
ENSG00000272369.1	0.648425	lincRNA
ENSG00000273449.1	0.648325	lincRNA
ENSG00000254837.2	0.648325	lincRNA
ENSG00000244625.4	0.648275	lincRNA
ENSG00000272720.1	0.64825	lincRNA
ENSG00000277476.1	0.647925	lincRNA
ENSG00000278344.1	0.647925	lincRNA
ENSG00000255503.1	0.64785	lincRNA
ENSG00000246898.1	0.647775	lincRNA
ENSG00000232104.3	0.64765	lincRNA
ENSG00000237310.1	0.647575	lincRNA
ENSG00000250673.1	0.6472	lincRNA
ENSG00000276728.1	0.647175	lincRNA
ENSG00000269202.1	0.6471	lincRNA
ENSG00000267364.1	0.646975	lincRNA
ENSG00000235159.1	0.646725	lincRNA
ENSG00000259113.1	0.6467	lincRNA
ENSG00000272217.1	0.646625	lincRNA
ENSG00000253476.1	0.646525	lincRNA
ENSG00000259153.1	0.6465	lincRNA
ENSG00000120055.7	0.646475	lincRNA
ENSG00000278231.1	0.6463	lincRNA
ENSG00000240875.4	0.646225	lincRNA
ENSG00000232118.2	0.64615	lincRNA
ENSG00000228043.4	0.646075	lincRNA
ENSG00000266402.3	0.645975	lincRNA
ENSG00000242553.1	0.64585	lincRNA
ENSG00000235314.1	0.645725	lincRNA
ENSG00000230138.1	0.645725	lincRNA
ENSG00000249806.1	0.645625	lincRNA
ENSG00000250508.1	0.645375	lincRNA
ENSG00000250015.1	0.645225	lincRNA
ENSG00000257883.1	0.6452	lincRNA
ENSG00000259865.1	0.645175	lincRNA
ENSG00000280721.1	0.645075	lincRNA
ENSG00000259772.5	0.64485	lincRNA
ENSG00000224397.4	0.6448	lincRNA
ENSG00000267734.1	0.644675	lincRNA
ENSG00000280303.2	0.64465	lincRNA
ENSG00000233538.1	0.64465	lincRNA
ENSG00000224307.1	0.644625	lincRNA
ENSG00000272447.1	0.64455	lincRNA
ENSG00000235621.7	0.644525	lincRNA
ENSG00000242290.2	0.644475	lincRNA
ENSG00000274828.1	0.6444	lincRNA
ENSG00000270012.1	0.64435	lincRNA
ENSG00000272800.1	0.644275	lincRNA
ENSG00000212939.2	0.6442	lincRNA
ENSG00000215808.2	0.644025	lincRNA
ENSG00000272426.1	0.644025	lincRNA
ENSG00000270933.1	0.643825	lincRNA
ENSG00000258048.1	0.6437	lincRNA
ENSG00000268658.4	0.643625	lincRNA
ENSG00000268912.1	0.643425	lincRNA
ENSG00000274561.1	0.643325	lincRNA
ENSG00000234076.1	0.643175	lincRNA
ENSG00000163009.7	0.6431	lincRNA
ENSG00000269038.1	0.642825	lincRNA
ENSG00000259687.1	0.64275	lincRNA
ENSG00000242282.5	0.64255	lincRNA
ENSG00000228265.4	0.642425	lincRNA
ENSG00000273084.1	0.642375	lincRNA
ENSG00000266176.1	0.642375	lincRNA
ENSG00000237807.3	0.64235	lincRNA
ENSG00000273257.1	0.642325	lincRNA
ENSG00000272432.1	0.642325	lincRNA
ENSG00000228340.4	0.6421	lincRNA
ENSG00000227486.1	0.64205	lincRNA
ENSG00000231705.1	0.6419	lincRNA
ENSG00000273001.1	0.641875	lincRNA
ENSG00000247516.4	0.641875	lincRNA
ENSG00000230454.1	0.64185	lincRNA
ENSG00000272666.1	0.641825	lincRNA
ENSG00000271732.1	0.641775	lincRNA
ENSG00000260423.1	0.641625	lincRNA
ENSG00000235576.1	0.641575	lincRNA
ENSG00000224950.2	0.641425	lincRNA
ENSG00000233922.2	0.6414	lincRNA
ENSG00000244567.1	0.641325	lincRNA
ENSG00000271109.1	0.6413	lincRNA
ENSG00000261824.5	0.6413	lincRNA
ENSG00000224460.1	0.64115	lincRNA
ENSG00000278740.1	0.641125	lincRNA
ENSG00000260186.4	0.641125	lincRNA
ENSG00000275966.1	0.641075	lincRNA
ENSG00000231010.1	0.640775	lincRNA
ENSG00000203279.3	0.640725	lincRNA
ENSG00000265369.3	0.640625	lincRNA
ENSG00000279636.2	0.640575	lincRNA
ENSG00000272143.1	0.64055	lincRNA
ENSG00000245750.6	0.640525	lincRNA
ENSG00000269720.1	0.640525	lincRNA
ENSG00000281649.1	0.6403	lincRNA
ENSG00000229891.1	0.64015	lincRNA
ENSG00000272908.1	0.640125	lincRNA
ENSG00000224429.6	0.63935	lincRNA
ENSG00000266378.1	0.639325	lincRNA
ENSG00000274372.3	0.638925	lincRNA
ENSG00000261433.1	0.6389	lincRNA
ENSG00000260805.2	0.638875	lincRNA
ENSG00000272707.1	0.638725	lincRNA
ENSG00000256092.2	0.6385	lincRNA
ENSG00000267454.4	0.63825	lincRNA
ENSG00000264278.1	0.6382	lincRNA
ENSG00000100181.20	0.638175	lincRNA
ENSG00000225489.5	0.6381	lincRNA
ENSG00000258768.2	0.63755	lincRNA
ENSG00000272081.1	0.637475	lincRNA
ENSG00000272899.2	0.63745	lincRNA
ENSG00000233791.4	0.63735	lincRNA
ENSG00000267731.1	0.637275	lincRNA
ENSG00000229792.1	0.637175	lincRNA
ENSG00000227374.1	0.637075	lincRNA
ENSG00000263126.1	0.636925	lincRNA
ENSG00000255328.1	0.6369	lincRNA
ENSG00000231681.1	0.636825	lincRNA
ENSG00000203709.8	0.636675	lincRNA
ENSG00000260135.5	0.636225	lincRNA
ENSG00000272764.1	0.635975	lincRNA
ENSG00000238113.5	0.63585	lincRNA
ENSG00000267838.2	0.63565	lincRNA
ENSG00000237438.5	0.635375	lincRNA
ENSG00000223695.1	0.634975	lincRNA
ENSG00000254533.1	0.6347	lincRNA
ENSG00000261069.3	0.634675	lincRNA
ENSG00000272308.1	0.634475	lincRNA
ENSG00000272791.1	0.634325	lincRNA
ENSG00000272221.1	0.634325	lincRNA
ENSG00000267321.1	0.6343	lincRNA
ENSG00000269439.4	0.634175	lincRNA
ENSG00000265743.1	0.634125	lincRNA
ENSG00000237989.1	0.6341	lincRNA
ENSG00000261775.1	0.633925	lincRNA
ENSG00000261353.1	0.6339	lincRNA
ENSG00000224959.1	0.633875	lincRNA
ENSG00000228106.4	0.63355	lincRNA
ENSG00000233901.4	0.633425	lincRNA
ENSG00000260810.1	0.633375	lincRNA
ENSG00000272255.1	0.633075	lincRNA
ENSG00000281005.1	0.63305	lincRNA
ENSG00000267834.1	0.633025	lincRNA
ENSG00000257647.1	0.63295	lincRNA
ENSG00000226782.2	0.632925	lincRNA
ENSG00000237940.3	0.632925	lincRNA
ENSG00000272384.1	0.6328	lincRNA
ENSG00000272282.1	0.6328	lincRNA
ENSG00000248508.5	0.63275	lincRNA
ENSG00000271840.1	0.63265	lincRNA
ENSG00000272506.1	0.6323	lincRNA
ENSG00000261618.1	0.632075	lincRNA
ENSG00000227885.1	0.632075	lincRNA
ENSG00000257345.2	0.631975	lincRNA
ENSG00000223929.1	0.631925	lincRNA
ENSG00000178977.3	0.631325	lincRNA
ENSG00000257151.1	0.63125	lincRNA
ENSG00000214194.7	0.63105	lincRNA
ENSG00000272053.1	0.63095	lincRNA
ENSG00000253361.1	0.63085	lincRNA
ENSG00000260877.1	0.630775	lincRNA
ENSG00000226751.2	0.630375	lincRNA
ENSG00000271967.1	0.630325	lincRNA
ENSG00000270964.1	0.630325	lincRNA
ENSG00000228817.4	0.6303	lincRNA
ENSG00000242086.7	0.63025	lincRNA
ENSG00000233236.1	0.630175	lincRNA
ENSG00000275632.1	0.630125	lincRNA
ENSG00000235687.7	0.630075	lincRNA
ENSG00000235609.7	0.630025	lincRNA
ENSG00000243479.3	0.6296	lincRNA
ENSG00000234630.1	0.6296	lincRNA
ENSG00000230838.1	0.629475	lincRNA
ENSG00000268355.1	0.62935	lincRNA
ENSG00000226686.6	0.62925	lincRNA
ENSG00000225791.5	0.6292	lincRNA
ENSG00000271737.1	0.62905	lincRNA
ENSG00000224577.1	0.629025	lincRNA
ENSG00000245149.3	0.628625	lincRNA
ENSG00000260693.1	0.628575	lincRNA
ENSG00000272463.1	0.628525	lincRNA
ENSG00000267640.4	0.6284	lincRNA
ENSG00000228623.3	0.628275	lincRNA
ENSG00000227269.1	0.628125	lincRNA
ENSG00000263667.1	0.628	lincRNA
ENSG00000253161.4	0.627875	lincRNA
ENSG00000254337.1	0.627575	lincRNA
ENSG00000262098.1	0.6275	lincRNA
ENSG00000245812.2	0.62745	lincRNA
ENSG00000224739.2	0.627425	lincRNA
ENSG00000272024.1	0.6274	lincRNA
ENSG00000243350.1	0.627275	lincRNA
ENSG00000275557.1	0.627275	lincRNA
ENSG00000274370.1	0.627025	lincRNA
ENSG00000245556.2	0.62685	lincRNA
ENSG00000228639.5	0.626725	lincRNA
ENSG00000237422.1	0.626675	lincRNA
ENSG00000225873.1	0.62665	lincRNA
ENSG00000231346.4	0.6265	lincRNA
ENSG00000237489.2	0.626225	lincRNA
ENSG00000272156.1	0.626225	lincRNA
ENSG00000267575.5	0.626	lincRNA
ENSG00000241954.1	0.625625	lincRNA
ENSG00000278002.1	0.625625	lincRNA
ENSG00000274605.1	0.625425	lincRNA
ENSG00000273493.1	0.62535	lincRNA
ENSG00000271398.1	0.625125	lincRNA
ENSG00000249430.1	0.624975	lincRNA
ENSG00000273218.1	0.62495	lincRNA
ENSG00000273821.1	0.624925	lincRNA
ENSG00000255760.1	0.6249	lincRNA
ENSG00000228223.2	0.624725	lincRNA
ENSG00000185168.5	0.6247	lincRNA
ENSG00000274292.1	0.624475	lincRNA
ENSG00000234918.1	0.62395	lincRNA
ENSG00000271789.1	0.62385	lincRNA
ENSG00000260517.2	0.62385	lincRNA
ENSG00000231535.4	0.6238	lincRNA
ENSG00000253669.3	0.623575	lincRNA
ENSG00000227388.2	0.623575	lincRNA
ENSG00000206567.8	0.622925	lincRNA
ENSG00000270019.1	0.6227	lincRNA
ENSG00000253701.2	0.62265	lincRNA
ENSG00000281655.1	0.622625	lincRNA
ENSG00000230812.4	0.622625	lincRNA
ENSG00000235151.1	0.622175	lincRNA
ENSG00000270972.1	0.62185	lincRNA
ENSG00000270115.1	0.621825	lincRNA
ENSG00000188825.12	0.621375	lincRNA
ENSG00000232611.1	0.6212	lincRNA
ENSG00000272366.1	0.621175	lincRNA
ENSG00000271751.1	0.621175	lincRNA
ENSG00000254197.1	0.6211	lincRNA
ENSG00000275759.1	0.620875	lincRNA
ENSG00000255557.1	0.6208	lincRNA
ENSG00000224050.1	0.62075	lincRNA
ENSG00000235119.1	0.6207	lincRNA
ENSG00000277999.1	0.62065	lincRNA
ENSG00000248727.4	0.6206	lincRNA
ENSG00000226328.5	0.620075	lincRNA
ENSG00000272338.2	0.619975	lincRNA
ENSG00000273153.1	0.619925	lincRNA
ENSG00000261770.1	0.6199	lincRNA
ENSG00000249846.5	0.619475	lincRNA
ENSG00000226397.6	0.619175	lincRNA
ENSG00000269973.1	0.61915	lincRNA
ENSG00000218510.5	0.619025	lincRNA
ENSG00000213793.4	0.619025	lincRNA
ENSG00000273437.1	0.619	lincRNA
ENSG00000267868.1	0.618975	lincRNA
ENSG00000276188.1	0.6185	lincRNA
ENSG00000225518.2	0.618325	lincRNA
ENSG00000270673.1	0.6183	lincRNA
ENSG00000274508.1	0.61745	lincRNA
ENSG00000273162.1	0.617225	lincRNA
ENSG00000233056.2	0.61705	lincRNA
ENSG00000272556.1	0.617025	lincRNA
ENSG00000215190.7	0.61685	lincRNA
ENSG00000281332.1	0.6168	lincRNA
ENSG00000273355.1	0.6167	lincRNA
ENSG00000257613.1	0.61655	lincRNA
ENSG00000261159.1	0.616525	lincRNA
ENSG00000170846.14	0.61645	lincRNA
ENSG00000272861.1	0.6164	lincRNA
ENSG00000251432.5	0.616325	lincRNA
ENSG00000236894.2	0.615975	lincRNA
ENSG00000273033.2	0.615475	lincRNA
ENSG00000244459.2	0.6154	lincRNA
ENSG00000270562.1	0.61535	lincRNA
ENSG00000273456.1	0.6153	lincRNA
ENSG00000232593.5	0.6153	lincRNA
ENSG00000278743.1	0.615275	lincRNA
ENSG00000231412.2	0.6152	lincRNA
ENSG00000237721.1	0.6152	lincRNA
ENSG00000229481.2	0.615175	lincRNA
ENSG00000272279.1	0.615025	lincRNA
ENSG00000237614.1	0.614575	lincRNA
ENSG00000273366.1	0.6145	lincRNA
ENSG00000260404.2	0.614425	lincRNA
ENSG00000260261.1	0.614375	lincRNA
ENSG00000270195.1	0.61385	lincRNA
ENSG00000242375.1	0.613525	lincRNA
ENSG00000265975.1	0.6135	lincRNA
ENSG00000260265.1	0.6134	lincRNA
ENSG00000276564.1	0.6131	lincRNA
ENSG00000262468.4	0.6131	lincRNA
ENSG00000229729.5	0.61305	lincRNA
ENSG00000267886.1	0.613025	lincRNA
ENSG00000229140.7	0.613	lincRNA
ENSG00000262454.1	0.612725	lincRNA
ENSG00000225948.2	0.6127	lincRNA
ENSG00000260808.1	0.61265	lincRNA
ENSG00000267780.2	0.612625	lincRNA
ENSG00000233895.1	0.6119	lincRNA
ENSG00000268804.1	0.611775	lincRNA
ENSG00000272440.1	0.611675	lincRNA
ENSG00000230699.2	0.6116	lincRNA
ENSG00000238121.4	0.6116	lincRNA
ENSG00000224400.4	0.61155	lincRNA
ENSG00000176659.7	0.611475	lincRNA
ENSG00000256073.3	0.61145	lincRNA
ENSG00000250081.1	0.6114	lincRNA
ENSG00000225434.2	0.61105	lincRNA
ENSG00000215241.3	0.611	lincRNA
ENSG00000262370.4	0.610975	lincRNA
ENSG00000213057.5	0.610825	lincRNA
ENSG00000233237.5	0.610725	lincRNA
ENSG00000226180.3	0.61065	lincRNA
ENSG00000277142.1	0.610475	lincRNA
ENSG00000266904.4	0.6104	lincRNA
ENSG00000228261.1	0.610375	lincRNA
ENSG00000270189.1	0.609925	lincRNA
ENSG00000236081.1	0.60975	lincRNA
ENSG00000230438.6	0.60965	lincRNA
ENSG00000230844.2	0.60965	lincRNA
ENSG00000248866.1	0.60895	lincRNA
ENSG00000277491.1	0.608475	lincRNA
ENSG00000275784.1	0.608425	lincRNA
ENSG00000244620.1	0.6084	lincRNA
ENSG00000259820.1	0.608325	lincRNA
ENSG00000266913.1	0.6083	lincRNA
ENSG00000254653.1	0.60805	lincRNA
ENSG00000271614.1	0.608025	lincRNA
ENSG00000204904.6	0.607925	lincRNA
ENSG00000261220.2	0.607875	lincRNA
ENSG00000258476.4	0.6078	lincRNA
ENSG00000273723.1	0.607275	lincRNA
ENSG00000260588.1	0.60715	lincRNA
ENSG00000231829.2	0.607075	lincRNA
ENSG00000269903.1	0.606975	lincRNA
ENSG00000271551.1	0.6069	lincRNA
ENSG00000180279.5	0.60665	lincRNA
ENSG00000225218.1	0.6064	lincRNA
ENSG00000228327.2	0.60635	lincRNA
ENSG00000275263.1	0.6063	lincRNA
ENSG00000229484.1	0.60625	lincRNA
ENSG00000258413.1	0.6062	lincRNA
ENSG00000226012.1	0.606125	lincRNA
ENSG00000266709.1	0.606125	lincRNA
ENSG00000245694.7	0.606075	lincRNA
ENSG00000232638.1	0.606025	lincRNA
ENSG00000213468.3	0.605975	lincRNA
ENSG00000274215.1	0.605875	lincRNA
ENSG00000224081.6	0.60575	lincRNA
ENSG00000248243.1	0.605275	lincRNA
ENSG00000223396.2	0.605	lincRNA
ENSG00000234248.1	0.604825	lincRNA
ENSG00000233864.6	0.604325	lincRNA
ENSG00000170161.6	0.6041	lincRNA
ENSG00000228434.1	0.603975	lincRNA
ENSG00000276445.1	0.60395	lincRNA
ENSG00000272456.1	0.6038	lincRNA
ENSG00000276995.1	0.603775	lincRNA
ENSG00000237857.2	0.60375	lincRNA
ENSG00000269051.4	0.603125	lincRNA
ENSG00000198106.8	0.602875	lincRNA
ENSG00000258572.1	0.602275	lincRNA
ENSG00000242258.1	0.60145	lincRNA
ENSG00000257084.1	0.60115	lincRNA
ENSG00000273014.1	0.601075	lincRNA
ENSG00000275223.1	0.601025	lincRNA
ENSG00000226137.5	0.600275	lincRNA
ENSG00000270170.1	0.600125	lincRNA
ENSG00000270039.1	0.60005	lincRNA
ENSG00000223891.4	0.5994	lincRNA
ENSG00000225470.5	0.599225	lincRNA
ENSG00000272525.1	0.5992	lincRNA
ENSG00000232618.1	0.59845	lincRNA
ENSG00000259618.1	0.59735	lincRNA
ENSG00000204261.7	0.597225	lincRNA
ENSG00000253490.4	0.596975	lincRNA
ENSG00000271821.1	0.596975	lincRNA
ENSG00000270419.1	0.596975	lincRNA
ENSG00000247157.5	0.5965	lincRNA
ENSG00000249859.6	0.596175	lincRNA
ENSG00000237248.4	0.596025	lincRNA
ENSG00000272931.1	0.5957	lincRNA
ENSG00000226822.1	0.595525	lincRNA
ENSG00000238142.1	0.59485	lincRNA
ENSG00000260317.1	0.594625	lincRNA
ENSG00000223764.2	0.594625	lincRNA
ENSG00000225675.2	0.594525	lincRNA
ENSG00000272885.1	0.5934	lincRNA
ENSG00000269246.1	0.5932	lincRNA
ENSG00000271882.1	0.59315	lincRNA
ENSG00000277423.1	0.593075	lincRNA
ENSG00000273270.1	0.592925	lincRNA
ENSG00000263731.1	0.591625	lincRNA
ENSG00000261455.1	0.591225	lincRNA
ENSG00000228590.1	0.5912	lincRNA
ENSG00000182648.10	0.591	lincRNA
ENSG00000214900.7	0.590375	lincRNA
ENSG00000268713.1	0.589875	lincRNA
ENSG00000264575.1	0.58915	lincRNA
ENSG00000230537.1	0.5891	lincRNA
ENSG00000264222.1	0.589025	lincRNA
ENSG00000261423.1	0.588975	lincRNA
ENSG00000272438.1	0.5885	lincRNA
ENSG00000225793.2	0.58835	lincRNA
ENSG00000261008.5	0.5874	lincRNA
ENSG00000275401.1	0.5872	lincRNA
ENSG00000271862.1	0.587075	lincRNA
ENSG00000267475.1	0.5862	lincRNA
ENSG00000259725.1	0.5858	lincRNA
ENSG00000237491.7	0.585375	lincRNA
ENSG00000228251.1	0.58525	lincRNA
ENSG00000224848.1	0.585025	lincRNA
ENSG00000218357.3	0.584975	lincRNA
ENSG00000249599.1	0.584375	lincRNA
ENSG00000272316.1	0.584075	lincRNA
ENSG00000269929.1	0.583625	lincRNA
ENSG00000203711.10	0.58275	lincRNA
ENSG00000260884.1	0.58245	lincRNA
ENSG00000272505.1	0.58225	lincRNA
ENSG00000259884.1	0.580975	lincRNA
ENSG00000205181.5	0.57995	lincRNA
ENSG00000203635.2	0.579725	lincRNA
ENSG00000224638.1	0.5792	lincRNA
ENSG00000271938.1	0.579125	lincRNA
ENSG00000245571.5	0.5788	lincRNA
ENSG00000240219.1	0.578025	lincRNA
ENSG00000276855.1	0.5777	lincRNA
ENSG00000271780.1	0.5777	lincRNA
ENSG00000259834.1	0.5774	lincRNA
ENSG00000223473.2	0.576775	lincRNA
ENSG00000196421.6	0.57675	lincRNA
ENSG00000272140.2	0.5762	lincRNA
ENSG00000235072.2	0.5759	lincRNA
ENSG00000232645.4	0.575775	lincRNA
ENSG00000251562.6	0.5756	lincRNA
ENSG00000237772.1	0.574925	lincRNA
ENSG00000260979.1	0.574075	lincRNA
ENSG00000166770.9	0.57295	lincRNA
ENSG00000256427.1	0.572725	lincRNA
ENSG00000272076.1	0.572175	lincRNA
ENSG00000227502.2	0.572125	lincRNA
ENSG00000267100.1	0.57145	lincRNA
ENSG00000227017.1	0.570875	lincRNA
ENSG00000260448.4	0.5707	lincRNA
ENSG00000260166.1	0.57045	lincRNA
ENSG00000232931.4	0.56945	lincRNA
ENSG00000228784.6	0.568	lincRNA
ENSG00000273329.1	0.567925	lincRNA
ENSG00000277767.1	0.567775	lincRNA
ENSG00000236871.5	0.567775	lincRNA
ENSG00000223768.1	0.566725	lincRNA
ENSG00000231327.1	0.566225	lincRNA
ENSG00000267653.1	0.565925	lincRNA
ENSG00000253924.1	0.565725	lincRNA
ENSG00000232677.5	0.564375	lincRNA
ENSG00000278730.1	0.564025	lincRNA
ENSG00000255933.1	0.563725	lincRNA
ENSG00000258414.1	0.56355	lincRNA
ENSG00000254777.4	0.563075	lincRNA
ENSG00000232098.3	0.562875	lincRNA
ENSG00000271046.1	0.5601	lincRNA
ENSG00000254810.1	0.558525	lincRNA
ENSG00000257543.1	0.5583	lincRNA
ENSG00000263494.1	0.558025	lincRNA
ENSG00000242659.1	0.55745	lincRNA
ENSG00000254281.1	0.556825	lincRNA
ENSG00000278107.1	0.556175	lincRNA
ENSG00000214548.13	0.553825	lincRNA
ENSG00000179406.6	0.551925	lincRNA
ENSG00000267939.1	0.551875	lincRNA
ENSG00000277511.1	0.549075	lincRNA
ENSG00000278376.1	0.5483	lincRNA
ENSG00000235888.1	0.543725	lincRNA
ENSG00000261888.1	0.542325	lincRNA
ENSG00000269843.1	0.5372	lincRNA
ENSG00000260953.1	0.5317	lincRNA
ENSG00000234535.1	0.5253	lincRNA
ENSG00000228873.1	0.5236	lincRNA
ENSG00000234883.3	0.5219	lincRNA
ENSG00000273576.1	0.5108	lincRNA